player_id,name,gender,name.1,national,position,height,preferredFoot,retired,dateOfBirthTimestamp,contractUntilTimestamp,proposedMarketValue,value,currency,gender.1,deceased,date_of_birth,age
839956,Erling Haaland,M,Premier League,False,F,194.0,Left,False,964137600,1814313600.0,185000000.0,185000000.0,EUR,,,2000-07-21,25
794839,Gabriel Jesus,M,Premier League,False,F,175.0,Right,False,860025600,1814313600.0,78000000.0,78000000.0,EUR,,,1997-04-03,28
823941,Alexander Isak,M,Premier League,False,F,190.0,Right,False,937872000,1845936000.0,52000000.0,52000000.0,EUR,,,1999-09-21,26
159665,Mohamed Salah,M,Premier League,False,F,175.0,Left,,708566400,1751241600.0,68000000.0,68000000.0,EUR,,,1992-06-15,33
191176,Anthony Martial,M,Premier League,False,F,181.0,Right,False,818121600,1719705600.0,14500000.0,14500000.0,EUR,,,1995-12-05,30
973556,Julio Enciso,M,Premier League,False,F,173.0,Right,,1074729600,1782777600.0,10400000.0,10400000.0,EUR,,,2004-01-22,21
108579,Harry Kane,M,Premier League,False,F,188.0,Right,False,743817600,1719705600.0,98000000.0,98000000.0,EUR,,,1993-07-28,32
51498,Pierre-Emerick Aubameyang,M,Premier League,False,F,187.0,Right,False,614131200,1719705600.0,6800000.0,6800000.0,EUR,,,1989-06-18,36
290927,Ivan Toney,M,Premier League,False,F,185.0,Right,False,826934400,1751241600.0,54000000.0,54000000.0,EUR,,,1996-03-16,29
192144,Aleksandar Mitrović,M,Championship,False,F,189.0,Both,,779673600,1782777600.0,27000000.0,27000000.0,EUR,,,1994-09-16,31
555386,Ollie Watkins,M,Premier League,False,F,179.0,Right,,820281600,1751241600.0,33000000.0,33000000.0,EUR,,,1995-12-30,30
372344,Dominic Calvert-Lewin,M,Premier League,False,F,187.0,Right,,858470400,1751241600.0,27000000.0,27000000.0,EUR,,,1997-03-16,28
354808,Saïd Benrahma,M,Premier League,False,F,172.0,Right,,808012800,1782777600.0,21000000.0,21000000.0,EUR,,,1995-08-10,30
111850,Wilfried Zaha,M,Premier League,False,F,180.0,Right,,721353600,1688083200.0,28000000.0,28000000.0,EUR,,,1992-11-10,33
173827,Jamie Vardy,M,Premier League,False,F,178.0,Right,,537321600,1719705600.0,3900000.0,3900000.0,EUR,,,1987-01-11,38
286165,Adama Traoré,M,Premier League,False,F,178.0,Right,False,822528000,1688083200.0,11500000.0,11500000.0,EUR,,,1996-01-25,29
205508,Jesse Lingard,M,Championship,False,F,174.0,Right,False,724377600,1688083200.0,13000000.0,13000000.0,EUR,,,1992-12-15,33
361420,Dominic Solanke,M,Championship,False,F,186.0,Right,,874195200,1782777600.0,19600000.0,19600000.0,EUR,,,1997-09-14,28
295123,Paul Onuachu,M,Premier League,False,F,201.0,Right,,770083200,1782777600.0,17600000.0,17600000.0,EUR,,,1994-05-28,31
542472,Rodrigo,M,Premier League,False,F,181.0,Left,,668217600,1719705600.0,9500000.0,9500000.0,EUR,,,1991-03-06,34
158213,Riyad Mahrez,M,Premier League,False,F,179.0,Left,,667094400,1751241600.0,31000000.0,31000000.0,EUR,,,1991-02-21,34
934235,Bukayo Saka,M,Premier League,False,F,178.0,Left,False,999648000,1814313600.0,115000000.0,115000000.0,EUR,,,2001-09-05,24
347010,Allan Saint-Maximin,M,Premier League,False,F,173.0,Right,False,858124800,1782777600.0,38000000.0,38000000.0,EUR,,,1997-03-12,28
143697,Roberto Firmino,M,Premier League,False,F,181.0,Right,False,686361600,1688083200.0,24000000.0,24000000.0,EUR,,,1991-10-02,34
971037,Amad Diallo,M,Premier League,False,F,173.0,Left,False,1026345600,1751241600.0,17500000.0,17500000.0,EUR,,,2002-07-11,23
999231,Evan Ferguson,M,Premier League,False,F,183.0,Right,False,1098144000,1845936000.0,10700000.0,10700000.0,EUR,,,2004-10-19,21
111505,Heung-min Son,M,Premier League,False,F,184.0,Both,False,710553600,1751241600.0,66000000.0,66000000.0,EUR,,,1992-07-08,33
249437,Hakim Ziyech,M,Premier League,False,F,181.0,Left,False,732499200,1751241600.0,17000000.0,17000000.0,EUR,,,1993-03-19,32
927083,Bryan Mbeumo,M,Premier League,False,F,173.0,Left,,933984000,1782777600.0,27000000.0,27000000.0,EUR,,,1999-08-07,26
891920,Carlos Vinícius,M,Championship,False,F,190.0,Left,,796089600,1751241600.0,4900000.0,4900000.0,EUR,,,1995-03-25,30
808590,Leon Bailey,M,Premier League,False,F,178.0,Left,,871084800,1751241600.0,23000000.0,23000000.0,EUR,,,1997-08-09,28
355152,Demarai Gray,M,Premier League,False,F,184.0,Right,,835920000,1719705600.0,19400000.0,19400000.0,EUR,,,1996-06-28,29
47772,Michail Antonio,M,Premier League,False,F,180.0,Right,,638582400,1719705600.0,9300000.0,9300000.0,EUR,,,1990-03-28,35
103045,Jordan Ayew,M,Premier League,False,F,182.0,Right,,684547200,1688083200.0,6400000.0,6400000.0,EUR,,,1991-09-11,34
865057,Patson Daka,M,Premier League,False,F,185.0,Right,,908755200,1782777600.0,19400000.0,19400000.0,EUR,,,1998-10-19,27
192442,Raúl Jiménez,M,Premier League,False,F,189.0,Right,,673401600,1719705600.0,9500000.0,9500000.0,EUR,,,1991-05-05,34
27035,André Ayew,M,Championship,False,F,176.0,Left,,629856000,1688083200.0,2100000.0,2100000.0,EUR,,,1989-12-17,36
934354,Antoine Semenyo,M,Championship,False,F,178.0,Right,,947203200,1814313600.0,9500000.0,9500000.0,EUR,,,2000-01-07,25
773409,Che Adams,M,Premier League,False,F,175.0,Right,,837216000,1719705600.0,21000000.0,21000000.0,EUR,,,1996-07-13,29
998951,Wilfried Gnonto,M,Premier League,False,F,170.0,Right,,1067990400,1814313600.0,19500000.0,19500000.0,EUR,,,2003-11-05,22
944656,Julián Álvarez,M,Premier League,False,F,170.0,Right,False,949276800,1845936000.0,49000000.0,49000000.0,EUR,,,2000-01-31,25
922573,Gabriel Martinelli,M,Premier League,False,F,180.0,Right,,992822400,1814313600.0,65000000.0,65000000.0,EUR,,,2001-06-18,24
333373,Miguel Almirón,M,Premier League,False,F,174.0,Left,False,760838400,1782777600.0,34000000.0,34000000.0,EUR,,,1994-02-10,31
924871,Darwin Núñez,M,Premier League,False,F,188.0,Right,False,930182400,1845936000.0,64000000.0,64000000.0,EUR,,,1999-06-24,26
252215,Wout Weghorst,M,Premier League,False,F,197.0,Right,False,713059200,1688083200.0,14500000.0,14500000.0,EUR,,,1992-08-06,33
33902,Danny Welbeck,M,Premier League,False,F,185.0,Right,False,659577600,1719705600.0,8300000.0,8300000.0,EUR,,,1990-11-26,35
840217,Richarlison,M,Premier League,False,F,184.0,Right,,863222400,1814313600.0,53000000.0,53000000.0,EUR,,,1997-05-10,28
851671,João Félix,M,Premier League,False,F,181.0,Right,,942192000,1688083200.0,49000000.0,49000000.0,EUR,,,1999-11-10,26
548050,Saman Ghoddos,M,Premier League,False,F,177.0,Right,,747273600,1688083200.0,2100000.0,2100000.0,EUR,,,1993-09-06,32
862223,Manor Solomon,M,Championship,False,F,167.0,Both,,932774400,1688083200.0,17500000.0,17500000.0,EUR,,,1999-07-24,26
218160,Bertrand Traoré,M,Premier League,False,F,180.0,Left,,810345600,1719705600.0,13300000.0,13300000.0,EUR,,,1995-09-06,30
268903,Neal Maupay,M,Premier League,False,F,171.0,Right,,839980800,1751241600.0,13400000.0,13400000.0,EUR,,,1996-08-14,29
807301,Gianluca Scamacca,M,Premier League,False,F,195.0,Right,,915148800,1814313600.0,29000000.0,29000000.0,EUR,,,1999-01-01,26
795228,Odsonne Édouard,M,Premier League,False,F,187.0,Right,,884908800,1751241600.0,16100000.0,16100000.0,EUR,,,1998-01-16,27
359642,Kelechi Iheanacho,M,Premier League,False,F,184.0,Left,,844300800,1719705600.0,17500000.0,17500000.0,EUR,,,1996-10-03,29
21212,Diego Costa,M,Premier League,False,F,187.0,Right,,592185600,1688083200.0,3700000.0,3700000.0,EUR,,,1988-10-07,37
844424,Emmanuel Dennis,M,Championship,False,F,174.0,Right,,879552000,1782777600.0,10900000.0,10900000.0,EUR,,,1997-11-15,28
298366,Kieffer Moore,M,Championship,False,F,195.0,Right,,713232000,1751241600.0,3700000.0,3700000.0,EUR,,,1992-08-08,33
10501,Theo Walcott,M,Premier League,False,F,176.0,Right,,606009600,1688083200.0,1900000.0,1900000.0,EUR,,,1989-03-16,36
204336,Patrick Bamford,M,Premier League,False,F,185.0,Left,,747187200,1782777600.0,9700000.0,9700000.0,EUR,,,1993-09-05,32
859765,Phil Foden,M,Premier League,False,F,171.0,Left,False,959472000,1814313600.0,104000000.0,104000000.0,EUR,,,2000-05-28,25
135666,Leandro Trossard,M,Premier League,False,F,172.0,Right,False,786499200,1782777600.0,32000000.0,32000000.0,EUR,,,1994-12-04,31
113956,Callum Wilson,M,Premier League,False,F,180.0,Right,,699148800,1719705600.0,19300000.0,19300000.0,EUR,,,1992-02-27,33
883537,Luis Díaz,M,Premier League,False,F,178.0,Right,,853113600,1814313600.0,81000000.0,81000000.0,EUR,,,1997-01-13,28
979232,Anthony Elanga,M,Premier League,False,F,178.0,Right,,1019865600,1782777600.0,24000000.0,24000000.0,EUR,,,2002-04-27,23
794298,Deniz Undav,M,Premier League,False,F,176.0,Both,False,837734400,1782777600.0,5500000.0,5500000.0,EUR,,,1996-07-19,29
928124,Dejan Kulusevski,M,Premier League,False,F,186.0,Left,,956620800,1688083200.0,53000000.0,53000000.0,EUR,,,2000-04-25,25
836705,Kai Havertz,M,Premier League,False,F,193.0,Left,False,929059200,1751241600.0,58000000.0,58000000.0,EUR,,,1999-06-11,26
805123,Yoane Wissa,M,Premier League,False,F,180.0,Right,,841708800,1782777600.0,14100000.0,14100000.0,EUR,,,1996-09-03,29
1015256,Rodrigo Muniz,M,Championship,False,F,184.0,Right,,988934400,1782777600.0,5400000.0,5400000.0,EUR,,,2001-05-04,24
974577,Jhon Durán,M,Premier League,False,F,185.0,Left,False,1071273600,,13200000.0,13200000.0,EUR,,,2003-12-13,22
991614,Ellis Simms,M,Premier League,False,F,184.0,Right,False,978652800,1719705600.0,3800000.0,3800000.0,EUR,,,2001-01-05,24
280439,Maxwel Cornet,M,Premier League,False,F,179.0,Left,,843782400,1814313600.0,13600000.0,13600000.0,EUR,,,1996-09-27,29
848276,Jean-Philippe Mateta,M,Premier League,False,F,192.0,Right,,867456000,1782777600.0,8600000.0,8600000.0,EUR,,,1997-06-28,28
980327,Tetê,M,Premier League,False,F,175.0,Left,,950572800,1688083200.0,23000000.0,23000000.0,EUR,,,2000-02-15,25
886363,Matheus Cunha,M,Premier League,False,F,184.0,Right,False,927763200,1688083200.0,31000000.0,31000000.0,EUR,,,1999-05-27,26
1085180,Brennan Johnson,M,Championship,False,F,179.0,Right,,990576000,1782777600.0,32000000.0,32000000.0,EUR,,,2001-05-23,24
257433,Jamal Lowe,M,Championship,False,F,183.0,Right,,759628800,1688083200.0,1500000.0,1500000.0,EUR,,,1994-01-27,31
361352,Adam Armstrong,M,Premier League,False,F,172.0,Right,,855532800,1751241600.0,13000000.0,13000000.0,EUR,,,1997-02-10,28
946695,Georginio Rutter,M,Premier League,False,F,182.0,Both,False,1019260800,1845936000.0,23000000.0,23000000.0,EUR,,,2002-04-20,23
189061,Jack Grealish,M,Premier League,False,F,180.0,Right,,810691200,1814313600.0,72000000.0,72000000.0,EUR,,,1995-09-10,30
858194,Edward Nketiah,M,Premier League,False,F,175.0,Right,,928022400,1814313600.0,26000000.0,26000000.0,EUR,,,1999-05-30,26
914902,Anthony Gordon,M,Premier League,False,F,183.0,Right,,982972800,,41000000.0,41000000.0,EUR,,,2001-02-24,24
862967,Cody Gakpo,M,Premier League,False,F,189.0,Right,False,926035200,1845936000.0,58000000.0,58000000.0,EUR,,,1999-05-07,26
814590,Marcus Rashford,M,Premier League,False,M,187.0,Right,,878256000,1719705600.0,76000000.0,76000000.0,EUR,,,1997-10-31,28
983816,Jeremy Sarmiento,M,Premier League,False,F,183.0,Right,,1024185600,1782777600.0,4600000.0,4600000.0,EUR,,,2002-06-16,23
149710,Lucas Moura,M,Premier League,False,F,172.0,Right,,713664000,1688083200.0,9600000.0,9600000.0,EUR,,,1992-08-13,33
138534,Raheem Sterling,M,Premier League,False,F,170.0,Right,,786844800,1814313600.0,58000000.0,58000000.0,EUR,,,1994-12-08,31
930775,Halil Dervişoğlu,M,Premier League,False,F,183.0,Right,,944611200,1719705600.0,1900000.0,1900000.0,EUR,,,1999-12-08,26
31417,Willian,M,Championship,False,M,175.0,Right,,587088000,1688083200.0,2900000.0,2900000.0,EUR,,,1988-08-09,37
993451,Cameron Archer,M,Premier League,False,F,181.0,Right,,1007856000,1814313600.0,10800000.0,10800000.0,EUR,,,2001-12-09,24
106337,Idrissa Gueye,M,Premier League,False,M,174.0,Right,,622771200,1719705600.0,7700000.0,7700000.0,EUR,,,1989-09-26,36
130181,Danny Ings,M,Premier League,False,F,178.0,Right,False,711849600,1751241600.0,15500000.0,15500000.0,EUR,,,1992-07-23,33
1082694,Luke Plange,M,Premier League,False,F,178.0,Left,,1036454400,1751241600.0,1100000.0,1100000.0,EUR,,,2002-11-05,23
839712,George Hirst,M,Premier League,False,F,191.0,Right,,919036800,1751241600.0,875000.0,875000.0,EUR,,,1999-02-15,26
786186,Hee-Chan Hwang,M,Premier League,False,F,177.0,Right,False,822614400,1782777600.0,11000000.0,11000000.0,EUR,,,1996-01-26,29
359664,Taiwo Awoniyi,M,Championship,False,F,183.0,Right,,871344000,1814313600.0,19100000.0,19100000.0,EUR,,,1997-08-12,28
1008656,Christian Saydee,M,Championship,False,F,181.0,Right,,1020988800,1688083200.0,235000.0,235000.0,EUR,,,2002-05-10,23
1047484,Sékou Mara,M,Premier League,False,F,184.0,Right,,1027987200,1782777600.0,10800000.0,10800000.0,EUR,,,2002-07-30,23
945806,Joe Gelhardt,M,Premier League,False,F,179.0,Left,False,1020470400,1814313600.0,8600000.0,8600000.0,EUR,,,2002-05-04,23
70996,Kevin De Bruyne,M,Premier League,False,M,181.0,Right,,678067200,1751241600.0,83000000.0,83000000.0,EUR,,,1991-06-28,34
547410,Martin Ødegaard,M,Premier League,False,M,178.0,Left,,913852800,1751241600.0,88000000.0,88000000.0,EUR,,,1998-12-17,27
1169124,Garang Kuol,M,Premier League,False,F,175.0,Right,False,1095120000,1782777600.0,840000.0,840000.0,EUR,,,2004-09-14,21
606164,Diogo Jota,M,Premier League,False,F,178.0,Right,,849657600,1814313600.0,53000000.0,53000000.0,EUR,,,1996-12-04,29
288205,Bruno Fernandes,M,Premier League,False,M,179.0,Right,,778982400,1782777600.0,69000000.0,69000000.0,EUR,,,1994-09-08,31
895579,Aaron Connolly,M,Premier League,False,F,175.0,Right,,949017600,1719705600.0,4400000.0,4400000.0,EUR,,,2000-01-28,25
827064,Arnaut Danjuma,M,Premier League,False,F,178.0,Right,,854668800,1688083200.0,26000000.0,26000000.0,EUR,,,1997-01-31,28
817957,Christian Pulišić,M,Premier League,False,F,177.0,Right,,906076800,1719705600.0,34000000.0,34000000.0,EUR,,,1998-09-18,27
1006387,Kevin Schade,M,Premier League,False,F,183.0,Both,,1006819200,1688083200.0,21000000.0,21000000.0,EUR,,,2001-11-27,24
285949,Andreas Pereira,M,Championship,False,M,177.0,Right,False,820454400,1782777600.0,15500000.0,15500000.0,EUR,,,1996-01-01,29
830858,Keinan Davis,M,Premier League,False,F,189.0,Left,,887328000,1719705600.0,3100000.0,3100000.0,EUR,,,1998-02-13,27
352770,Alex Iwobi,M,Premier League,False,M,183.0,Right,False,831081600,1719705600.0,26000000.0,26000000.0,EUR,,,1996-05-03,29
1167025,Divin Mubama,M,Premier League,False,F,183.0,Left,False,1098662400,1719705600.0,230000.0,230000.0,EUR,M,,2004-10-25,21
978838,Michael Olise,M,Premier League,False,M,185.0,Left,,1008115200,1782777600.0,26000000.0,26000000.0,EUR,,,2001-12-12,24
356398,James Maddison,M,Premier League,False,M,175.0,Right,,848707200,1719705600.0,53000000.0,53000000.0,EUR,,,1996-11-23,29
138573,Pablo Sarabia,M,Premier League,False,F,176.0,Left,,705542400,1751241600.0,15000000.0,15000000.0,EUR,,,1992-05-11,33
865912,Morgan Gibbs-White,M,Championship,False,F,171.0,Right,,948931200,1814313600.0,29000000.0,29000000.0,EUR,,,2000-01-27,25
1106451,Dango Ouattara,M,Championship,False,M,177.0,Left,,1013385600,1845936000.0,21000000.0,21000000.0,EUR,,,2002-02-11,23
1065214,Samuel Edozie,M,Premier League,False,F,167.0,Right,False,1043712000,1814313600.0,6600000.0,6600000.0,EUR,,,2003-01-28,22
907464,Ian Carlo Poveda,M,Premier League,False,F,167.0,Left,,950054400,1719705600.0,875000.0,875000.0,EUR,,,2000-02-09,25
331209,Bernardo Silva,M,Premier League,False,M,173.0,Left,,776476800,1751241600.0,77000000.0,77000000.0,EUR,,,1994-08-10,31
316148,Thomas Partey,M,Premier League,False,M,185.0,Right,False,739929600,1751241600.0,37000000.0,37000000.0,EUR,,,1993-06-13,32
372336,Jacob Murphy,M,Premier League,False,F,176.0,Right,,793584000,1814313600.0,9200000.0,9200000.0,EUR,,,1995-02-24,30
53825,Thiago Alcântara,M,Premier League,False,M,174.0,Right,False,671328000,1719705600.0,16900000.0,16900000.0,EUR,,,1991-04-11,34
122951,Casemiro,M,Premier League,False,M,185.0,Right,False,698803200,1782777600.0,46000000.0,46000000.0,EUR,,,1992-02-23,33
895324,Alexis Mac Allister,M,Premier League,False,M,174.0,Right,False,914457600,1751241600.0,46000000.0,46000000.0,EUR,,False,1998-12-24,27
38710,Ivan Perišić,M,Premier League,False,M,187.0,Both,False,602380800,1719705600.0,9700000.0,9700000.0,EUR,,,1989-02-02,36
966547,Noni Madueke,M,Premier League,False,F,182.0,Left,False,1015718400,1909008000.0,30000000.0,30000000.0,EUR,,,2002-03-10,23
972421,Keane Lewis-Potter,M,Premier League,False,F,170.0,Right,,982800000,1845936000.0,14600000.0,14600000.0,EUR,,,2001-02-22,24
364612,João Palhinha,M,Championship,False,M,189.0,Right,,805248000,1814313600.0,32000000.0,32000000.0,EUR,,,1995-07-09,30
119159,Philippe Coutinho,M,Premier League,False,M,172.0,Right,False,708307200,1782777600.0,14900000.0,14900000.0,EUR,,,1992-06-12,33
923973,Amadou Onana,M,Premier League,False,M,195.0,Both,,997920000,1814313600.0,38000000.0,38000000.0,EUR,,,2001-08-16,24
839981,Lucas Paquetá,M,Premier League,False,M,180.0,Left,False,872640000,1814313600.0,46000000.0,46000000.0,EUR,,,1997-08-27,28
864921,Eberechi Eze,M,Premier League,False,M,173.0,Right,,899078400,1751241600.0,32000000.0,32000000.0,EUR,,,1998-06-29,27
331737,Youri Tielemans,M,Premier League,False,M,177.0,Right,,862963200,1688083200.0,33000000.0,33000000.0,EUR,,,1997-05-07,28
879349,Pedro Neto,M,Premier League,False,F,172.0,Left,,952560000,1814313600.0,31000000.0,31000000.0,EUR,,,2000-03-09,25
50480,Chris Wood,M,Championship,False,F,191.0,Right,,692064000,1688083200.0,10400000.0,10400000.0,EUR,,,1991-12-07,34
892924,Hamed Junior Traorè,M,Championship,False,M,177.0,Right,,950659200,,21000000.0,21000000.0,EUR,,,2000-02-16,25
920374,Dan N'Lundulu,M,Premier League,False,F,185.0,Right,,918172800,1719705600.0,975000.0,975000.0,EUR,,,1999-02-05,26
796144,Tyler Roberts,M,Premier League,False,F,180.0,Right,,916099200,1719705600.0,2900000.0,2900000.0,EUR,,,1999-01-12,26
45853,İlkay Gündoğan,M,Premier League,False,M,180.0,Right,,656726400,1688083200.0,23000000.0,23000000.0,EUR,,,1990-10-24,35
132874,Jorginho,M,Premier League,False,M,180.0,Right,False,693187200,1719705600.0,38000000.0,38000000.0,EUR,,,1991-12-20,34
866469,Bruno Guimarães,M,Premier League,False,M,182.0,Right,False,879638400,1782777600.0,62000000.0,62000000.0,EUR,,,1997-11-16,28
794927,Arthur,M,Premier League,False,M,172.0,Right,False,839808000,1688083200.0,15600000.0,15600000.0,EUR,,,1996-08-12,29
958380,Antony,M,Premier League,False,M,172.0,Left,False,951350400,1814313600.0,64000000.0,64000000.0,EUR,,,2000-02-24,25
936849,Kaoru Mitoma,M,Premier League,False,M,178.0,Right,,864086400,1751241600.0,20000000.0,20000000.0,EUR,,,1997-05-20,28
1002711,Pape Matar Sarr,M,Premier League,False,M,185.0,Right,False,1031961600,1782777600.0,13900000.0,13900000.0,EUR,,,2002-09-14,23
996985,Armando Broja,M,Premier League,False,F,191.0,Right,,1000080000,1845936000.0,27000000.0,27000000.0,EUR,,,2001-09-10,24
907072,Mikkel Damsgaard,M,Premier League,False,M,180.0,Right,,962582400,1814313600.0,14400000.0,14400000.0,EUR,,,2000-07-03,25
355528,Harry Wilson,M,Championship,False,M,173.0,Left,,858988800,1782777600.0,14100000.0,14100000.0,EUR,,,1997-03-22,28
783126,Emiliano Buendía,M,Premier League,False,M,170.0,Right,,851472000,1782777600.0,26000000.0,26000000.0,EUR,,,1996-12-25,29
927361,James Garner,M,Premier League,False,M,182.0,Right,,984441600,1782777600.0,14900000.0,14900000.0,EUR,,,2001-03-13,24
856714,Declan Rice,M,Premier League,False,M,186.0,Right,,916272000,1719705600.0,76000000.0,76000000.0,EUR,,,1999-01-14,26
906047,Cheick Doucouré,M,Premier League,False,M,181.0,Right,,947289600,1814313600.0,32000000.0,32000000.0,EUR,,,2000-01-08,25
123166,Nampalys Mendy,M,Premier League,False,M,168.0,Right,,709257600,1688083200.0,3700000.0,3700000.0,EUR,,,1992-06-23,33
870038,Saša Kalajdžić,M,Premier League,False,F,200.0,Right,,868233600,1814313600.0,16600000.0,16600000.0,EUR,,,1997-07-07,28
128868,Lyle Taylor,M,Championship,False,F,188.0,Right,,638668800,1688083200.0,320000.0,320000.0,EUR,,,1990-03-29,35
355796,Jefferson Lerma,M,Championship,False,M,179.0,Right,,783043200,1688083200.0,13800000.0,13800000.0,EUR,,,1994-10-25,31
88645,Mislav Oršić,M,Premier League,False,M,178.0,Right,False,725587200,1751241600.0,6800000.0,6800000.0,EUR,,,1992-12-29,33
828639,Daniel James,M,Premier League,False,M,172.0,Right,False,879120000,1782777600.0,13800000.0,13800000.0,EUR,,,1997-11-10,28
827606,Rodri,M,Premier League,False,M,191.0,Right,,835401600,1814313600.0,72000000.0,72000000.0,EUR,,,1996-06-22,29
159675,Mohamed Elneny,M,Premier League,False,M,180.0,Right,,710812800,1719705600.0,9700000.0,9700000.0,EUR,,,1992-07-11,33
560128,Joelinton,M,Premier League,False,M,186.0,Right,False,839980800,1751241600.0,41000000.0,41000000.0,EUR,,,1996-08-14,29
243585,Fabinho,M,Premier League,False,M,187.0,Right,,751334400,1782777600.0,41000000.0,41000000.0,EUR,,,1993-10-23,32
851100,Jadon Sancho,M,Premier League,False,M,180.0,Right,,953942400,1782777600.0,53000000.0,53000000.0,EUR,,,2000-03-25,25
886242,Jakub Moder,M,Premier League,False,M,191.0,Right,,923443200,1751241600.0,13100000.0,13100000.0,EUR,,,1999-04-07,26
791190,Rodrigo Bentancur,M,Premier League,False,M,187.0,Both,False,867196800,1782777600.0,39000000.0,39000000.0,EUR,,,1997-06-25,28
1090458,David Datro Fofana,M,Premier League,False,F,181.0,Right,,1040515200,1877472000.0,10300000.0,10300000.0,EUR,,,2002-12-22,23
799251,Mathias Jensen,M,Premier League,False,M,180.0,Both,,820454400,1782777600.0,14600000.0,14600000.0,EUR,,,1996-01-01,29
137786,Neeskens Kebano,M,Championship,False,M,172.0,Both,,700185600,1688083200.0,2900000.0,2900000.0,EUR,,,1992-03-10,33
867887,Douglas Luiz,M,Premier League,False,M,178.0,Right,False,894672000,1782777600.0,37000000.0,37000000.0,EUR,,,1998-05-09,27
96535,Abdoulaye Doucouré,M,Premier League,False,M,182.0,Right,False,725846400,1719705600.0,11600000.0,11600000.0,EUR,,,1993-01-01,32
552884,Jarrod Bowen,M,Premier League,False,M,174.0,Left,,851040000,1751241600.0,37000000.0,37000000.0,EUR,,,1996-12-20,29
148710,Jeffrey Schlupp,M,Premier League,False,M,178.0,Left,,725068800,1688083200.0,7400000.0,7400000.0,EUR,,,1992-12-23,33
855647,Harvey Barnes,M,Premier League,False,M,181.0,Right,,881625600,1751241600.0,35000000.0,35000000.0,EUR,,,1997-12-09,28
1015826,Chiquinho,M,Premier League,False,F,179.0,Right,,949708800,1782777600.0,2600000.0,2600000.0,EUR,,,2000-02-05,25
817567,Sam Surridge,M,Championship,False,F,191.0,Right,,901584000,1719705600.0,3600000.0,3600000.0,EUR,,,1998-07-28,27
548660,Philip Billing,M,Championship,False,M,193.0,Left,,834451200,1719705600.0,18700000.0,18700000.0,EUR,,,1996-06-11,29
1019442,Kamaldeen Sulemana,M,Premier League,False,M,174.0,Right,,1013731200,1814313600.0,21000000.0,21000000.0,EUR,,,2002-02-15,23
881931,Weston McKennie,M,Premier League,False,M,185.0,Right,False,904262400,1688083200.0,22000000.0,22000000.0,EUR,,,1998-08-28,27
786028,Kalvin Phillips,M,Premier League,False,M,177.0,Right,,817862400,1845936000.0,33000000.0,33000000.0,EUR,,,1995-12-02,30
117777,Granit Xhaka,M,Premier League,False,M,185.0,Left,,717552000,1719705600.0,30000000.0,30000000.0,EUR,,,1992-09-27,33
888550,Joe Willock,M,Premier League,False,M,186.0,Right,,935107200,1814313600.0,31000000.0,31000000.0,EUR,,,1999-08-20,26
365772,Naby Keïta,M,Premier League,False,M,172.0,Right,,792374400,1688083200.0,17600000.0,17600000.0,EUR,,,1995-02-10,30
1135873,Alejandro Garnacho,M,Premier League,False,M,180.0,Right,False,1088640000,1845936000.0,23000000.0,23000000.0,EUR,,,2004-07-01,21
987650,Moisés Caicedo,M,Premier League,False,M,178.0,Right,,1004659200,1814313600.0,57000000.0,57000000.0,EUR,,,2001-11-02,24
856123,Emerson Royal,M,Premier League,False,M,183.0,Right,,916272000,1782777600.0,27000000.0,27000000.0,EUR,,,1999-01-14,26
1146040,Malik Mothersille,M,"Premier League 2, Division 1",False,F,188.0,Left,False,1066867200,1688083200.0,,,,M,False,2003-10-23,22
135256,Christian Nørgaard,M,Premier League,False,M,185.0,Right,,763257600,1751241600.0,13500000.0,13500000.0,EUR,,,1994-03-10,31
371222,Saša Lukić,M,Championship,False,M,183.0,Right,,839894400,1814313600.0,12300000.0,12300000.0,EUR,,,1996-08-13,29
826204,Boubacar Kamara,M,Premier League,False,M,184.0,Right,,943315200,1814313600.0,24000000.0,24000000.0,EUR,,,1999-11-23,26
935543,Dwight McNeil,M,Premier League,False,M,183.0,Left,,943228800,1814313600.0,18800000.0,18800000.0,EUR,,,1999-11-22,26
799041,Tomáš Souček,M,Premier League,False,M,192.0,Right,False,793843200,1719705600.0,34000000.0,34000000.0,EUR,,,1995-02-27,30
50294,Luka Milivojević,M,Premier League,False,M,183.0,Right,,670982400,1688083200.0,2600000.0,2600000.0,EUR,,,1991-04-07,34
787885,Wilfred Ndidi,M,Premier League,False,M,186.0,Right,,850694400,1719705600.0,30000000.0,30000000.0,EUR,,,1996-12-16,29
1015267,João Gomes,M,Premier League,False,M,176.0,Right,,981936000,1845936000.0,13600000.0,13600000.0,EUR,,,2001-02-12,24
559036,Gustavo Scarpa,M,Championship,False,M,177.0,Left,False,757728000,1782777600.0,11600000.0,11600000.0,EUR,,,1994-01-05,31
855731,David Brooks,M,Championship,False,M,173.0,Left,,868320000,1782777600.0,11000000.0,11000000.0,EUR,,,1997-07-08,28
161717,James Ward-Prowse,M,Premier League,False,M,177.0,Right,,783648000,1782777600.0,34000000.0,34000000.0,EUR,,,1994-11-01,31
836070,Luis Sinisterra,M,Premier League,False,M,176.0,Right,,929577600,1814313600.0,21000000.0,21000000.0,EUR,,,1999-06-17,26
1086286,Máximo Perrone,M,Premier League,False,M,178.0,Left,False,1041897600,1845936000.0,9700000.0,9700000.0,EUR,,,2003-01-07,22
867445,Emile Smith Rowe,M,Premier League,False,M,182.0,Right,,964742400,1782777600.0,35000000.0,35000000.0,EUR,,,2000-07-28,25
866191,Sean Longstaff,M,Premier League,False,M,180.0,Right,,878169600,1751241600.0,21000000.0,21000000.0,EUR,,,1997-10-30,28
42694,Jordan Henderson,M,Premier League,False,M,183.0,Right,False,645580800,1751241600.0,10800000.0,10800000.0,EUR,,,1990-06-17,35
942116,Mason Greenwood,M,Premier League,False,M,181.0,Left,,1001894400,1751241600.0,49000000.0,49000000.0,EUR,,,2001-10-01,24
907668,Billy Gilmour,M,Premier League,False,M,169.0,Right,,992217600,1782777600.0,8500000.0,8500000.0,EUR,,,2001-06-11,24
149593,Pierre-Emile Højbjerg,M,Premier League,False,M,185.0,Right,,807580800,1751241600.0,41000000.0,41000000.0,EUR,,,1995-08-05,30
234148,N'Golo Kanté,M,Premier League,False,M,169.0,Right,,670204800,1688083200.0,19400000.0,19400000.0,EUR,,,1991-03-29,34
885864,Frank Onyeka,M,Premier League,False,M,183.0,Right,,883612800,1782777600.0,8700000.0,8700000.0,EUR,,,1998-01-01,27
151499,Bobby Decordova-Reid,M,Championship,False,M,170.0,Right,False,728611200,1719705600.0,6400000.0,6400000.0,EUR,,,1993-02-02,32
190405,Leander Dendoncker,M,Premier League,False,M,188.0,Right,,797904000,,15900000.0,15900000.0,EUR,,,1995-04-15,30
47992,Andros Townsend,M,Premier League,False,M,181.0,Left,,679622400,1688083200.0,2700000.0,2700000.0,EUR,,,1991-07-16,34
220315,Manuel Lanzini,M,Premier League,False,M,170.0,Right,,729734400,1688083200.0,8199999.0,8199999.0,EUR,,,1993-02-15,32
997104,Naouirou Ahamada,M,Premier League,False,M,172.0,Right,,1017360000,1782777600.0,9700000.0,9700000.0,EUR,,,2002-03-29,23
833057,Hamza Choudhury,M,Premier League,False,M,178.0,Right,,875664000,1688083200.0,5400000.0,5400000.0,EUR,,,1997-10-01,28
280955,Rúben Neves,M,Premier League,False,M,181.0,Right,,858211200,1719705600.0,38000000.0,38000000.0,EUR,,,1997-03-13,28
1064039,Danilo,M,Championship,False,M,177.0,Left,False,988502400,1877472000.0,26000000.0,26000000.0,EUR,,,2001-04-29,24
322391,Ryan Christie,M,Championship,False,M,178.0,Left,,793411200,1719705600.0,9700000.0,9700000.0,EUR,,,1995-02-22,30
1069488,Roméo Lavia,M,Premier League,False,M,181.0,Right,,1073347200,1814313600.0,23000000.0,23000000.0,EUR,,,2004-01-06,21
800419,Tyler Adams,M,Premier League,False,M,175.0,Right,,918950400,1814313600.0,21000000.0,21000000.0,EUR,,,1999-02-14,26
982780,Cole Palmer,M,Premier League,False,M,182.0,Left,False,1020643200,1782777600.0,13700000.0,13700000.0,EUR,,,2002-05-06,23
904835,Fábio Vieira,M,Premier League,False,M,170.0,Left,,959644800,1814313600.0,25000000.0,25000000.0,EUR,,,2000-05-30,25
138261,Ryan Fraser,M,Premier League,False,M,163.0,Right,,762048000,1751241600.0,8300000.0,8300000.0,EUR,,,1994-02-24,31
955245,Harvey Elliott,M,Premier League,False,M,170.0,Left,False,1049414400,1814313600.0,36000000.0,36000000.0,EUR,,,2003-04-04,22
105734,Christian Eriksen,M,Premier League,False,M,182.0,Both,False,698025600,1751241600.0,24000000.0,24000000.0,EUR,,,1992-02-14,33
1117025,Facundo Buonanotte,M,Premier League,False,M,174.0,Right,,1103760000,1782777600.0,8199999.0,8199999.0,EUR,,,2004-12-23,21
844842,Yves Bissouma,M,Premier League,False,M,181.0,Right,,841363200,1782777600.0,23000000.0,23000000.0,EUR,,,1996-08-30,29
974505,Enzo Fernández,M,Premier League,False,M,177.0,Right,False,979689600,1940544000.0,82000000.0,82000000.0,EUR,,,2001-01-17,24
856260,Joshua Dasilva,M,Premier League,False,M,184.0,Left,,909100800,1719705600.0,9300000.0,9300000.0,EUR,,,1998-10-23,27
82566,Tom Cairney,M,Championship,False,M,185.0,Left,,664329600,1719705600.0,2100000.0,2100000.0,EUR,,,1991-01-20,34
975937,Jacob Ramsey,M,Premier League,False,M,180.0,Right,,991008000,1814313600.0,33000000.0,33000000.0,EUR,,,2001-05-28,24
846441,Rúben Vinagre,M,Premier League,False,M,174.0,Left,,923616000,1688083200.0,4800000.0,4800000.0,EUR,,,1999-04-09,26
816763,Pablo Fornals,M,Premier League,False,M,178.0,Right,,824947200,1719705600.0,26000000.0,26000000.0,EUR,,,1996-02-22,29
1176104,Malcolm Ebiowei,M,Premier League,False,M,185.0,Left,,1062633600,1814313600.0,2900000.0,2900000.0,EUR,,,2003-09-04,22
887581,Boubakary Soumaré,M,Premier League,False,M,188.0,Right,,920073600,1782777600.0,19400000.0,19400000.0,EUR,,,1999-02-27,26
945122,Matheus Nunes,M,Premier League,False,M,183.0,Right,,904176000,1814313600.0,43000000.0,43000000.0,EUR,,,1998-08-27,27
45944,Cheikhou Kouyaté,M,Championship,False,M,189.0,Right,,630201600,1719705600.0,3100000.0,3100000.0,EUR,,,1989-12-21,36
895576,Marcus Tavernier,M,Championship,False,M,178.0,Left,,922060800,1814313600.0,13700000.0,13700000.0,EUR,,,1999-03-22,26
1017392,Carlos Alcaraz,M,Premier League,False,M,176.0,Right,,1038614400,1814313600.0,11600000.0,11600000.0,EUR,,,2002-11-30,23
973431,Brenden Aaronson,M,Premier League,False,M,178.0,Right,,972172800,1814313600.0,31000000.0,31000000.0,EUR,,,2000-10-22,25
318941,Rúben Dias,M,Premier League,False,D,188.0,Right,,863568000,1814313600.0,82000000.0,82000000.0,EUR,,,1997-05-14,28
1116954,Marquinhos,M,Premier League,False,M,175.0,Left,False,1049673600,1814313600.0,11600000.0,11600000.0,EUR,,,2003-04-07,22
994546,Elliot Anderson,M,Premier League,False,M,175.0,Right,,1036540800,1782777600.0,3200000.0,3200000.0,EUR,,,2002-11-06,23
991604,Fabio Carvalho,M,Premier League,False,M,170.0,Right,False,1030665600,1814313600.0,19400000.0,19400000.0,EUR,,,2002-08-30,23
361790,Donny van de Beek,M,Premier League,False,M,183.0,Right,False,861321600,1751241600.0,17500000.0,17500000.0,EUR,,,1997-04-18,28
48480,Pascal Groß,M,Premier League,False,M,181.0,Right,,676944000,1751241600.0,7300000.0,7300000.0,EUR,,,1991-06-15,34
913654,Pedro Porro,M,Premier League,False,M,173.0,Both,,937180800,1688083200.0,32000000.0,32000000.0,EUR,,,1999-09-13,26
836694,Mason Mount,M,Premier League,False,M,178.0,Right,,915926400,1719705600.0,60000000.0,60000000.0,EUR,,,1999-01-10,26
814873,Vitaly Janelt,M,Premier League,False,M,184.0,Left,,894758400,1782777600.0,16600000.0,16600000.0,EUR,,,1998-05-10,27
365802,Harrison Reed,M,Championship,False,M,176.0,Right,,791164800,1719705600.0,16000000.0,16000000.0,EUR,,,1995-01-27,30
250223,John McGinn,M,Premier League,False,M,175.0,Left,,782438400,1751241600.0,26000000.0,26000000.0,EUR,,,1994-10-18,31
795058,Tom Davies,M,Premier League,False,M,179.0,Right,,899164800,1688083200.0,12400000.0,12400000.0,EUR,,,1998-06-30,27
931257,Conor Coventry,M,Premier League,False,M,177.0,Right,,953942400,1719705600.0,1700000.0,1700000.0,EUR,,,2000-03-25,25
193554,Will Hughes,M,Premier League,False,M,185.0,Left,False,798076800,1719705600.0,4600000.0,4600000.0,EUR,,,1995-04-17,30
135647,Dennis Praet,M,Premier League,False,M,181.0,Right,,768873600,1719705600.0,8600000.0,8600000.0,EUR,,,1994-05-14,31
6562,João Moutinho,M,Premier League,False,M,171.0,Both,,526521600,1688083200.0,2100000.0,2100000.0,EUR,,,1986-09-08,39
115516,Remo Freuler,M,Championship,False,M,181.0,Right,,703296000,1751241600.0,10300000.0,10300000.0,EUR,,,1992-04-15,33
1020680,Jaidon Anthony,M,Championship,False,M,177.0,Right,,944006400,1814313600.0,4900000.0,4900000.0,EUR,,,1999-12-01,26
869910,Moussa Djenepo,M,Premier League,False,M,177.0,Right,,897868800,1751241600.0,9700000.0,9700000.0,EUR,,,1998-06-15,27
829570,Jack Harrison,M,Premier League,False,M,175.0,Left,,848448000,1845936000.0,24000000.0,24000000.0,EUR,,,1996-11-20,29
44614,Kyle Walker,M,Premier League,False,D,183.0,Right,,643852800,1719705600.0,13600000.0,13600000.0,EUR,,,1990-05-28,35
826139,Reiss Nelson,M,Premier League,False,M,175.0,Right,,944784000,1688083200.0,7700000.0,7700000.0,EUR,,,1999-12-10,26
988963,Matthew Longstaff,M,Premier League,False,M,171.0,Right,,953596800,1688083200.0,1600000.0,1600000.0,EUR,,,2000-03-21,25
927353,Curtis Jones,M,Premier League,False,M,185.0,Right,,980812800,1814313600.0,16300000.0,16300000.0,EUR,,,2001-01-30,24
243623,Fred,M,Premier League,False,M,169.0,Left,,731289600,1719705600.0,22000000.0,22000000.0,EUR,,,1993-03-05,32
301288,Solly March,M,Premier League,False,M,180.0,Left,,774662400,1782777600.0,18600000.0,18600000.0,EUR,,,1994-07-20,31
836698,Ryan Sessegnon,M,Premier League,False,M,178.0,Left,,958608000,1751241600.0,21000000.0,21000000.0,EUR,,,2000-05-18,25
958966,Mykhaylo Mudryk,M,Premier League,False,M,175.0,Right,False,978652800,1940544000.0,62000000.0,62000000.0,EUR,,,2001-01-05,24
807749,Tariqe Fosu-Henry,M,Premier League,False,M,170.0,Right,,815529600,1688083200.0,1600000.0,1600000.0,EUR,,,1995-11-05,30
116664,Anthony Knockaert,M,Championship,False,M,172.0,Left,,690595200,1688083200.0,1200000.0,1200000.0,EUR,,,1991-11-20,34
556904,Marvelous Nakamba,M,Premier League,False,M,177.0,Left,,758937600,1719705600.0,4300000.0,4300000.0,EUR,,,1994-01-19,31
360396,Yerry Mina,M,Premier League,False,D,195.0,Right,,780278400,1688083200.0,11200000.0,11200000.0,EUR,,,1994-09-23,31
879810,Flynn Downes,M,Premier League,False,M,172.0,Right,,916790400,1814313600.0,8700000.0,8700000.0,EUR,,,1999-01-20,26
285989,Jaïro Riedewald,M,Premier League,False,M,186.0,Left,,842227200,1719705600.0,4400000.0,4400000.0,EUR,,,1996-09-09,29
861970,Kiernan Dewsbury-Hall,M,Premier League,False,M,178.0,Left,,905040000,1814313600.0,27000000.0,27000000.0,EUR,,,1998-09-06,27
308764,Daniel Podence,M,Premier League,False,M,165.0,Right,,814233600,1719705600.0,21000000.0,21000000.0,EUR,,,1995-10-21,30
793988,Orel Mangala,M,Championship,False,M,178.0,Right,,890179200,1782777600.0,11500000.0,11500000.0,EUR,,,1998-03-18,27
548188,Lewis Cook,M,Championship,False,M,175.0,Right,,854928000,1751241600.0,10500000.0,10500000.0,EUR,,,1997-02-03,28
818073,Joe Aribo,M,Premier League,False,M,183.0,Left,,837907200,1782777600.0,16200000.0,16200000.0,EUR,,,1996-07-21,29
847128,Marc Roca,M,Premier League,False,M,184.0,Left,,848966400,1782777600.0,15900000.0,15900000.0,EUR,,,1996-11-26,29
152077,John Stones,M,Premier League,False,D,188.0,Right,,770083200,1782777600.0,27000000.0,27000000.0,EUR,,,1994-05-28,31
901892,Albert Sambi Lokonga,M,Premier League,False,M,183.0,Right,,940550400,1782777600.0,15500000.0,15500000.0,EUR,,,1999-10-22,26
115441,Jeff Hendrick,M,Premier League,False,M,185.0,Right,,696816000,1719705600.0,2700000.0,2700000.0,EUR,,,1992-01-31,33
791,James Milner,M,Premier League,False,M,175.0,Right,,505180800,1688083200.0,2200000.0,2200000.0,EUR,,,1986-01-04,39
133908,Marcel Sabitzer,M,Premier League,False,M,177.0,Right,,763862400,1688083200.0,21000000.0,21000000.0,EUR,,,1994-03-17,31
17054,Adam Lallana,M,Premier League,False,M,172.0,Both,,579225600,1719705600.0,1500000.0,1500000.0,EUR,,,1988-05-10,37
859901,Oliver Skipp,M,Premier League,False,M,175.0,Right,,969062400,1814313600.0,14600000.0,14600000.0,EUR,,,2000-09-16,25
885908,Reece James,M,Premier League,False,M,180.0,Right,False,944611200,1845936000.0,74000000.0,74000000.0,EUR,,,1999-12-08,26
826057,Mads Roerslev Rasmussen,M,Premier League,False,M,180.0,Right,,930182400,1782777600.0,2300000.0,2300000.0,EUR,,,1999-06-24,26
941757,Tyrese Francois,M,Championship,False,M,167.0,Right,False,963705600,1719705600.0,550000.0,550000.0,EUR,,,2000-07-16,25
1014461,Jaden Philogene-Bidace,M,Premier League,False,M,179.0,Right,,1021680000,,2600000.0,2600000.0,EUR,,,2002-05-18,23
876643,Vitaliy Mykolenko,M,Premier League,False,D,180.0,Left,,927936000,1782777600.0,23000000.0,23000000.0,EUR,,,1999-05-29,26
877102,Nayef Aguerd,M,Premier League,False,D,188.0,Left,,828144000,1814313600.0,34000000.0,34000000.0,EUR,,,1996-03-30,29
39282,James McArthur,M,Premier League,False,M,178.0,Right,,560563200,1688083200.0,750000.0,750000.0,EUR,,,1987-10-07,38
47737,Marc Albrighton,M,Premier League,False,M,175.0,Right,,627350400,1719705600.0,1800000.0,1800000.0,EUR,,,1989-11-18,36
307284,Mario Lemina,M,Premier League,False,M,184.0,Right,,746841600,1751241600.0,9100000.0,9100000.0,EUR,,,1993-09-01,32
36465,Jonjo Shelvey,M,Championship,False,M,185.0,Both,,699148800,1751241600.0,6600000.0,6600000.0,EUR,,,1992-02-27,33
44823,Junior Stanislas,M,Championship,False,M,183.0,Right,,628041600,1688083200.0,725000.0,725000.0,EUR,,,1989-11-26,36
119151,Mohamed Elyounoussi,M,Premier League,False,M,176.0,Right,,775958400,1688083200.0,12400000.0,12400000.0,EUR,,,1994-08-04,31
917005,Crysencio Summerville,M,Premier League,False,M,174.0,Right,,1004400000,1782777600.0,13000000.0,13000000.0,EUR,,,2001-10-30,24
149663,Nathan Aké,M,Premier League,False,D,180.0,Left,,793065600,1751241600.0,32000000.0,32000000.0,EUR,,,1995-02-18,30
352768,Ainsley Maitland-Niles,M,Premier League,False,M,178.0,Right,False,872812800,1688083200.0,8700000.0,8700000.0,EUR,,,1997-08-29,28
190843,Isaac Hayden,M,Premier League,False,M,187.0,Right,False,795830400,1782777600.0,4300000.0,4300000.0,EUR,,,1995-03-22,30
10577,Alex Oxlade-Chamberlain,M,Premier League,False,M,175.0,Right,,745372800,1688083200.0,9700000.0,9700000.0,EUR,,,1993-08-15,32
1009386,Hannibal Mejbri,M,Premier League,False,M,182.0,Right,False,1043107200,1782777600.0,8400000.0,8400000.0,EUR,,,2003-01-21,22
1036269,Yasin Ayari,M,Premier League,False,M,172.0,Right,,1065398400,1814313600.0,3600000.0,3600000.0,EUR,,,2003-10-06,22
829932,Cristian Romero,M,Premier League,False,D,185.0,Right,False,893548800,1814313600.0,56000000.0,56000000.0,EUR,,,1998-04-26,27
136710,Mateo Kovačić,M,Premier League,False,M,178.0,Right,,768182400,1719705600.0,39000000.0,39000000.0,EUR,,,1994-05-06,31
892111,Shandon Baptiste,M,Premier League,False,M,180.0,Right,,891993600,1719705600.0,3100000.0,3100000.0,EUR,,,1998-04-08,27
44760,Cédric Soares,M,Championship,False,D,172.0,Right,,683596800,1688083200.0,3700000.0,3700000.0,EUR,,,1991-08-31,34
1085950,Tim Iroegbunam,M,Premier League,False,M,182.0,Right,False,1056931200,1814313600.0,5200000.0,5200000.0,EUR,,,2003-06-30,22
145188,James Tarkowski,M,Premier League,False,D,185.0,Right,,722131200,1782777600.0,23000000.0,23000000.0,EUR,,,1992-11-19,33
139227,Kurt Zouma,M,Premier League,False,D,190.0,Right,,783216000,1751241600.0,30000000.0,30000000.0,EUR,,,1994-10-27,31
877994,Marc Guéhi,M,Premier League,False,D,182.0,Right,,963446400,1782777600.0,33000000.0,33000000.0,EUR,,,2000-07-13,25
758608,Çağlar Söyüncü,M,Premier League,False,D,187.0,Right,,832809600,1688083200.0,15500000.0,15500000.0,EUR,,,1996-05-23,29
982613,Boubacar Traoré,M,Premier League,False,M,175.0,Right,,998265600,1688083200.0,4800000.0,4800000.0,EUR,,,2001-08-20,24
846252,Ryan Yates,M,Championship,False,M,190.0,Right,False,880070400,1751241600.0,8199999.0,8199999.0,EUR,,,1997-11-21,28
989345,Gavin Kilkenny,M,Championship,False,M,171.0,Right,,949363200,1751241600.0,525000.0,525000.0,EUR,,,2000-02-01,25
920379,Nathan Tella,M,Premier League,False,M,173.0,Right,False,931132800,1751241600.0,18900000.0,18900000.0,EUR,,,1999-07-05,26
980640,Sam Greenwood,M,Premier League,False,M,180.0,Right,False,1012003200,1782777600.0,4300000.0,4300000.0,EUR,,,2002-01-26,23
149734,Aymeric Laporte,M,Premier League,False,D,191.0,Left,,769996800,1751241600.0,31000000.0,31000000.0,EUR,,,1994-05-27,31
991582,Matthew Smith,M,"Premier League 2, Division 1",False,M,175.0,Right,False,970704000,,385000.0,385000.0,EUR,,,2000-10-05,25
69256,Kieran Trippier,M,Premier League,False,D,174.0,Right,,653702400,1751241600.0,12000000.0,12000000.0,EUR,,,1990-09-19,35
1142636,Stefan Bajčetić,M,Premier League,False,M,185.0,Right,False,1098403200,1814313600.0,12600000.0,12600000.0,EUR,,,2004-10-22,21
879346,Scott McTominay,M,Premier League,False,M,193.0,Right,,850003200,1751241600.0,24000000.0,24000000.0,EUR,,,1996-12-08,29
904848,Taylor Richards,M,Premier League,False,M,180.0,Both,,975888000,1719705600.0,420000.0,420000.0,EUR,,,2000-12-04,25
580550,Clément Lenglet,M,Premier League,False,D,186.0,Left,False,803347200,1688083200.0,12500000.0,12500000.0,EUR,,,1995-06-17,30
802695,Ben Chilwell,M,Premier League,False,M,178.0,Left,,851126400,1814313600.0,32000000.0,32000000.0,EUR,,,1996-12-21,29
966869,Aaron Hickey,M,Premier League,False,D,185.0,Both,,1023667200,1782777600.0,18500000.0,18500000.0,EUR,,,2002-06-10,23
135775,Layvin Kurzawa,M,Championship,False,D,182.0,Left,,715564800,1688083200.0,4300000.0,4300000.0,EUR,,,1992-09-04,33
833956,Matty Cash,M,Premier League,False,D,185.0,Right,,870912000,1814313600.0,19800000.0,19800000.0,EUR,,,1997-08-07,28
98449,Conor Coady,M,Premier League,False,D,184.0,Right,False,730598400,1688083200.0,16300000.0,16300000.0,EUR,,,1993-02-25,32
155997,Emerson Palmieri,M,Premier League,False,D,176.0,Left,,775872000,1782777600.0,10900000.0,10900000.0,EUR,,,1994-08-03,31
362682,Joachim Andersen,M,Premier League,False,D,190.0,Right,,833500800,1782777600.0,33000000.0,33000000.0,EUR,,,1996-05-31,29
329417,Timothy Castagne,M,Premier League,False,D,185.0,Right,,818121600,1751241600.0,27000000.0,27000000.0,EUR,,,1995-12-05,30
988882,Joe Hodge,M,Premier League,False,M,172.0,Right,False,1031961600,1814313600.0,465000.0,465000.0,EUR,,,2002-09-14,23
110956,Cafú,M,Championship,False,M,185.0,Right,,730684800,1688083200.0,625000.0,625000.0,EUR,,,1993-02-26,32
190857,Ben Pearson,M,Championship,False,M,174.0,Right,,789177600,1719705600.0,2600000.0,2600000.0,EUR,,,1995-01-04,30
873050,Ibrahima Diallo,M,Premier League,False,M,180.0,Right,,920851200,1719705600.0,8199999.0,8199999.0,EUR,,,1999-03-08,26
943652,Jamie Shackleton,M,Premier League,False,M,168.0,Right,,939340800,1719705600.0,1900000.0,1900000.0,EUR,,,1999-10-08,26
383560,Manuel Akanji,M,Premier League,False,D,187.0,Right,False,806112000,1814313600.0,27000000.0,27000000.0,EUR,,,1995-07-19,30
287643,Oleksandr Zinchenko,M,Premier League,False,D,175.0,Left,False,850608000,1782777600.0,41000000.0,41000000.0,EUR,,,1996-12-15,29
910046,Sven Botman,M,Premier League,False,D,193.0,Left,False,947635200,1814313600.0,42000000.0,42000000.0,EUR,,,2000-01-12,25
795064,Trent Alexander-Arnold,M,Premier League,False,D,180.0,Right,False,907718400,1751241600.0,67000000.0,67000000.0,EUR,,,1998-10-07,27
989803,Facundo Pellistri,M,Premier League,False,M,174.0,Right,False,1008806400,1751241600.0,2900000.0,2900000.0,EUR,,,2001-12-20,24
914691,Tariq Lamptey,M,Premier League,False,D,165.0,Right,,970272000,1751241600.0,13700000.0,13700000.0,EUR,,,2000-09-30,25
566102,Davinson Sánchez,M,Premier League,False,D,187.0,Right,,834537600,1719705600.0,21000000.0,21000000.0,EUR,,,1996-06-12,29
904970,Conor Gallagher,M,Premier League,False,M,182.0,Right,,949795200,1751241600.0,31000000.0,31000000.0,EUR,,,2000-02-06,25
137774,Ben Mee,M,Premier League,False,D,180.0,Left,,622339200,1719705600.0,1600000.0,1600000.0,EUR,,,1989-09-21,36
803174,Antonee Robinson,M,Championship,False,D,183.0,Left,,870998400,1719705600.0,12800000.0,12800000.0,EUR,,,1997-08-08,28
286085,Jan Bednarek,M,Premier League,False,D,189.0,Right,,829267200,1751241600.0,13500000.0,13500000.0,EUR,,,1996-04-12,29
76632,Séamus Coleman,M,Premier League,False,D,177.0,Right,,592531200,1688083200.0,1300000.0,1300000.0,EUR,,,1988-10-11,37
281277,Thilo Kehrer,M,Premier League,False,D,186.0,Right,,843264000,1782777600.0,18500000.0,18500000.0,EUR,,,1996-09-21,29
931844,Chris Richards,M,Premier League,False,D,188.0,Right,,954201600,1814313600.0,9000000.0,9000000.0,EUR,,,2000-03-28,25
308526,Daniel Amartey,M,Premier League,False,D,188.0,Right,,787968000,1688083200.0,15500000.0,15500000.0,EUR,,,1994-12-21,31
988966,Luke Cundle,M,Premier League,False,M,174.0,Right,,1019779200,1782777600.0,2700000.0,2700000.0,EUR,,,2002-04-26,23
992044,Alex Mighten,M,Championship,False,M,171.0,Right,False,1018483200,1751241600.0,565000.0,565000.0,EUR,,,2002-04-11,23
190853,Joe Rothwell,M,Championship,False,M,185.0,Right,,789782400,1782777600.0,3400000.0,3400000.0,EUR,,,1995-01-11,30
117083,Stuart Armstrong,M,Premier League,False,M,183.0,Right,,701913600,1719705600.0,5600000.0,5600000.0,EUR,,,1992-03-30,33
991577,Cody Drameh,M,Premier League,False,M,175.0,Right,False,1007769600,1719705600.0,3400000.0,3400000.0,EUR,,,2001-12-08,24
855835,Sergio Gómez,M,Premier League,False,D,171.0,Left,False,968025600,1782777600.0,14600000.0,14600000.0,EUR,,,2000-09-04,25
941168,William Saliba,M,Premier League,False,D,193.0,Right,,985392000,1719705600.0,52000000.0,52000000.0,EUR,,,2001-03-24,24
101882,Fabian Schär,M,Premier League,False,D,186.0,Right,False,693187200,1719705600.0,9700000.0,9700000.0,EUR,,,1991-12-20,34
151545,Virgil van Dijk,M,Premier League,False,D,193.0,Right,,678931200,1751241600.0,46000000.0,46000000.0,EUR,,,1991-07-08,34
1014225,Zidane Iqbal,M,Premier League,False,M,180.0,Right,False,1051401600,1751241600.0,830000.0,830000.0,EUR,,,2003-04-27,22
805465,Pervis Estupiñán,M,Premier League,False,D,175.0,Left,,885340800,1814313600.0,18500000.0,18500000.0,EUR,,,1998-01-21,27
146101,Eric Dier,M,Premier League,False,D,188.0,Both,,758592000,1719705600.0,23000000.0,23000000.0,EUR,,,1994-01-15,31
284441,Ruben Loftus-Cheek,M,Premier League,False,M,191.0,Right,,822355200,1719705600.0,26000000.0,26000000.0,EUR,,,1996-01-23,29
576384,Kristoffer Ajer,M,Premier League,False,D,196.0,Right,,892771200,1782777600.0,17300000.0,17300000.0,EUR,,,1998-04-17,27
825719,Issa Diop,M,Championship,False,D,194.0,Right,,852768000,1814313600.0,18500000.0,18500000.0,EUR,,,1997-01-09,28
96538,Lucas Digne,M,Premier League,False,D,178.0,Left,,743126400,1782777600.0,15600000.0,15600000.0,EUR,,,1993-07-20,32
110846,Michael Keane,M,Premier League,False,D,188.0,Right,,726710400,1751241600.0,9400000.0,9400000.0,EUR,,,1993-01-11,32
138024,Vladimír Coufal,M,Premier League,False,D,179.0,Right,,714441600,1688083200.0,8700000.0,8700000.0,EUR,,,1992-08-22,33
988275,Tyrick Mitchell,M,Premier League,False,D,174.0,Left,,936144000,1751241600.0,26000000.0,26000000.0,EUR,,,1999-09-01,26
221200,Ricardo Pereira,M,Premier League,False,D,175.0,Right,,749865600,1782777600.0,12800000.0,12800000.0,EUR,,,1993-10-06,32
252821,Nélson Semedo,M,Premier League,False,D,177.0,Right,,753408000,1751241600.0,13700000.0,13700000.0,EUR,,,1993-11-16,32
40686,Jack Colback,M,Championship,False,M,176.0,Left,,625190400,1688083200.0,745000.0,745000.0,EUR,,,1989-10-24,36
830659,Marcos Senesi,M,Championship,False,D,184.0,Left,,863222400,1782777600.0,15400000.0,15400000.0,EUR,,,1997-05-10,28
970435,Will Smallbone,M,Premier League,False,M,173.0,Right,False,951091200,1719705600.0,3400000.0,3400000.0,EUR,,,2000-02-21,25
103117,Adam Forshaw,M,Premier League,False,M,175.0,Right,,686880000,1688083200.0,1900000.0,1900000.0,EUR,,,1991-10-08,34
139225,Benjamin Mendy,M,Premier League,False,D,185.0,Left,,774403200,1688083200.0,56000000.0,56000000.0,EUR,,,1994-07-17,31
869792,Gabriel Magalhães,M,Premier League,False,D,189.0,Left,,882489600,1814313600.0,46000000.0,46000000.0,EUR,,,1997-12-19,28
99090,Dan Burn,M,Premier League,False,D,201.0,Left,,705369600,1719705600.0,12400000.0,12400000.0,EUR,,,1992-05-09,33
262911,Andrew Robertson,M,Premier League,False,D,178.0,Left,,763344000,1782777600.0,51000000.0,51000000.0,EUR,,,1994-03-11,31
1142175,Kobbie Mainoo,M,Premier League,False,M,175.0,Right,False,1113868800,1814313600.0,825000.0,825000.0,EUR,,,2005-04-19,20
115365,Lewis Dunk,M,Premier League,False,D,190.0,Right,,690681600,1751241600.0,18700000.0,18700000.0,EUR,,,1991-11-21,34
94758,Ben Davies,M,Premier League,False,D,181.0,Left,,735609600,1751241600.0,18400000.0,18400000.0,EUR,,,1993-04-24,32
770677,Denis Zakaria,M,Premier League,False,M,191.0,Right,False,848448000,1688083200.0,21000000.0,21000000.0,EUR,,,1996-11-20,29
855864,Ethan Pinnock,M,Premier League,False,D,187.0,Left,,738633600,1814313600.0,11100000.0,11100000.0,EUR,,,1993-05-29,32
190877,Kenny Tete,M,Championship,False,D,180.0,Right,,813196800,1719705600.0,13000000.0,13000000.0,EUR,,,1995-10-09,30
10589,Ashley Young,M,Premier League,False,D,180.0,Both,,489715200,1688083200.0,1100000.0,1100000.0,EUR,,,1985-07-09,40
1020141,Nathan Patterson,M,Premier League,False,D,189.0,Right,False,1003190400,1814313600.0,15200000.0,15200000.0,EUR,,,2001-10-16,24
43443,Aaron Cresswell,M,Premier League,False,D,170.0,Left,,629683200,1688083200.0,2700000.0,2700000.0,EUR,,,1989-12-15,36
43215,Nathaniel Clyne,M,Premier League,False,D,175.0,Right,,670809600,1688083200.0,2800000.0,2800000.0,EUR,,,1991-04-05,34
827681,James Justin,M,Premier League,False,D,183.0,Right,,888192000,1782777600.0,26000000.0,26000000.0,EUR,,,1998-02-23,27
931278,Rayan Aït Nouri,M,Premier League,False,D,179.0,Left,False,991785600,1782777600.0,21000000.0,21000000.0,EUR,,,2001-06-06,24
879800,Josh Bowler,M,Championship,False,M,175.0,Left,False,920592000,,1700000.0,1700000.0,EUR,,,1999-03-05,26
875295,Matías Viña,M,Championship,False,D,180.0,Left,,879033600,1688083200.0,6200000.0,6200000.0,EUR,,,1997-11-09,28
555406,James Bree,M,Premier League,False,M,178.0,Right,,876528000,1782777600.0,3100000.0,3100000.0,EUR,,,1997-10-11,28
914835,Junior Firpo,M,Premier League,False,D,184.0,Left,,840672000,1751241600.0,11600000.0,11600000.0,EUR,,,1996-08-22,29
1136731,Rico Lewis,M,Premier League,False,D,170.0,Right,False,1100995200,1719705600.0,13800000.0,13800000.0,EUR,,,2004-11-21,21
804434,Takehiro Tomiyasu,M,Premier League,False,D,188.0,Both,,910224000,1751241600.0,27000000.0,27000000.0,EUR,,,1998-11-05,27
368134,Matt Targett,M,Premier League,False,D,183.0,Left,,811382400,1782777600.0,13900000.0,13900000.0,EUR,,,1995-09-18,30
826215,Ibrahima Konaté,M,Premier League,False,D,195.0,Right,,927590400,1782777600.0,36000000.0,36000000.0,EUR,,,1999-05-25,26
859999,Lisandro Martínez,M,Premier League,False,D,175.0,Left,False,885081600,1814313600.0,53000000.0,53000000.0,EUR,,,1998-01-18,27
219572,Joël Veltman,M,Premier League,False,D,184.0,Right,,695433600,1688083200.0,10300000.0,10300000.0,EUR,,,1992-01-15,33
836693,Japhet Tanganga,M,Premier League,False,D,186.0,Right,False,922838400,1751241600.0,8400000.0,8400000.0,EUR,,,1999-03-31,26
994556,Carney Chukwuemeka,M,Premier League,False,M,185.0,Right,,1066608000,1845936000.0,13600000.0,13600000.0,EUR,,,2003-10-20,22
55123,Pontus Jansson,M,Premier League,False,D,194.0,Right,,666403200,1688083200.0,5300000.0,5300000.0,EUR,,,1991-02-13,34
55570,Shane Duffy,M,Championship,False,D,193.0,Right,,694224000,1688083200.0,2400000.0,2400000.0,EUR,,,1992-01-01,33
303638,Tyrone Mings,M,Premier League,False,D,195.0,Left,,731980800,1782777600.0,27000000.0,27000000.0,EUR,,,1993-03-13,32
754698,Ben Godfrey,M,Premier League,False,D,183.0,Right,,884822400,1751241600.0,14000000.0,14000000.0,EUR,,,1998-01-15,27
914412,Ben Johnson,M,Premier League,False,D,182.0,Right,,948672000,1719705600.0,13200000.0,13200000.0,EUR,,,2000-01-24,25
39183,Joel Ward,M,Premier League,False,D,188.0,Right,,625622400,1688083200.0,1900000.0,1900000.0,EUR,,,1989-10-29,36
361696,Wout Faes,M,Premier League,False,D,185.0,Right,,891561600,1814313600.0,21000000.0,21000000.0,EUR,,,1998-04-03,27
954044,Ki-Jana Hoever,M,Premier League,False,D,180.0,Right,,1011312000,1751241600.0,3300000.0,3300000.0,EUR,,,2002-01-18,23
39121,Harry Arter,M,Championship,False,M,176.0,Left,,630806400,1688083200.0,620000.0,620000.0,EUR,,,1989-12-28,36
1023567,Illia Zabarnyi,M,Championship,False,D,189.0,Right,,1030838400,1845936000.0,16700000.0,16700000.0,EUR,,,2002-09-01,23
946158,Mohammed Salisu,M,Premier League,False,D,191.0,Left,,924307200,1719705600.0,16500000.0,16500000.0,EUR,,,1999-04-17,26
921789,Rasmus Kristensen,M,Premier League,False,D,186.0,Right,,868579200,1814313600.0,16100000.0,16100000.0,EUR,,,1997-07-11,28
254491,Ederson,M,Premier League,False,G,188.0,Left,,745545600,1782777600.0,41000000.0,41000000.0,EUR,,,1993-08-17,32
976037,Jakub Kiwior,M,Premier League,False,D,189.0,Left,,950572800,1845936000.0,21000000.0,21000000.0,EUR,,,2000-02-15,25
153444,Jamaal Lascelles,M,Premier League,False,D,188.0,Right,False,752976000,1719705600.0,6600000.0,6600000.0,EUR,,,1993-11-11,32
786259,Konstantinos Tsimikas,M,Premier League,False,D,178.0,Left,,831859200,1751241600.0,17500000.0,17500000.0,EUR,,,1996-05-12,29
138310,Raphaël Varane,M,Premier League,False,D,191.0,Right,,735696000,1751241600.0,36000000.0,36000000.0,EUR,,,1993-04-25,32
216308,Adam Webster,M,Premier League,False,D,191.0,Right,,789177600,1782777600.0,23000000.0,23000000.0,EUR,,,1995-01-04,30
9048,Hugo Lloris,M,Premier League,False,G,188.0,Left,,535939200,1719705600.0,3900000.0,3900000.0,EUR,,,1986-12-26,39
1136730,Lewis Hall,M,"Premier League 2, Division 1",False,M,179.0,Left,False,1094601600,1751241600.0,7500000.0,7500000.0,EUR,,,2004-09-08,21
26404,Zanka,M,Premier League,False,D,189.0,Right,False,640828800,1751241600.0,1500000.0,1500000.0,EUR,,,1990-04-23,35
352668,Tosin Adarabioyo,M,Championship,False,D,196.0,Right,,875059200,1719705600.0,15500000.0,15500000.0,EUR,,,1997-09-24,28
604232,Diego Carlos,M,Premier League,False,D,185.0,Right,False,732153600,1782777600.0,32000000.0,32000000.0,EUR,,,1993-03-15,32
781544,Mason Holgate,M,Premier League,False,D,187.0,Right,,845942400,1751241600.0,12800000.0,12800000.0,EUR,,,1996-10-22,29
21164,Angelo Ogbonna,M,Premier League,False,D,191.0,Left,False,580348800,1688083200.0,1000000.0,1000000.0,EUR,,,1988-05-23,37
32124,James Tomkins,M,Premier League,False,D,192.0,Right,,607132800,1688083200.0,940000.0,940000.0,EUR,,,1989-03-29,36
120538,Jannik Vestergaard,M,Premier League,False,D,199.0,Both,False,712800000,1719705600.0,4800000.0,4800000.0,EUR,,,1992-08-03,33
894474,Max Kilman,M,Premier League,False,D,192.0,Left,,864345600,1782777600.0,24000000.0,24000000.0,EUR,,,1997-05-23,28
105697,Serge Aurier,M,Championship,False,D,176.0,Right,,725155200,1719705600.0,6500000.0,6500000.0,EUR,,,1992-12-24,33
865740,Chris Mepham,M,Championship,False,D,191.0,Right,,878688000,1751241600.0,5600000.0,5600000.0,EUR,,,1997-11-05,28
257091,Duje Ćaleta-Car,M,Premier League,False,D,192.0,Right,,842918400,1782777600.0,14500000.0,14500000.0,EUR,,,1996-09-17,29
78454,Stuart Dallas,M,Premier League,False,D,186.0,Right,,672019200,1719705600.0,2100000.0,2100000.0,EUR,,,1991-04-19,34
125274,Stefan Ortega,M,Premier League,False,G,186.0,Right,,721008000,1751241600.0,5800000.0,5800000.0,EUR,,,1992-11-06,33
846036,Benjamin White,M,Premier League,False,D,186.0,Right,False,876268800,1782777600.0,46000000.0,46000000.0,EUR,,,1997-10-08,28
891803,Jamal Lewis,M,Premier League,False,D,178.0,Left,False,885686400,1751241600.0,7500000.0,7500000.0,EUR,,,1998-01-25,27
51501,Joël Matip,M,Premier League,False,D,195.0,Right,,681609600,1719705600.0,14600000.0,14600000.0,EUR,,,1991-08-08,34
149380,Harry Maguire,M,Premier League,False,D,194.0,Right,,731289600,1751241600.0,27000000.0,27000000.0,EUR,,,1993-03-05,32
962012,Jan Paul van Hecke,M,Premier League,False,D,189.0,Right,False,960422400,1688083200.0,4400000.0,4400000.0,EUR,,,2000-06-08,25
19314,Fraser Forster,M,Premier League,False,G,201.0,Right,,574560000,1719705600.0,1600000.0,1600000.0,EUR,,,1988-03-17,37
907667,Faustino Anjorin,M,Premier League,False,M,186.0,Right,False,1006473600,1751241600.0,1000000.0,1000000.0,EUR,,,2001-11-23,24
599128,Rico Henry,M,Premier League,False,D,175.0,Left,,868320000,1782777600.0,23000000.0,23000000.0,EUR,,,1997-07-08,28
118179,Tim Ream,M,Championship,False,D,185.0,Left,,560390400,1719705600.0,970000.0,970000.0,EUR,,,1987-10-05,38
294593,Álex Moreno,M,Premier League,False,D,179.0,Left,False,739497600,1782777600.0,21000000.0,21000000.0,EUR,,,1993-06-08,32
1101370,Reece Welch,M,Premier League,False,D,,,False,1063929600,,,,,,,2003-09-19,22
15479,Łukasz Fabiański,M,Premier League,False,G,190.0,Right,,482630400,1688083200.0,1000000.0,1000000.0,EUR,,,1985-04-18,40
915688,Nathan Ferguson,M,Premier League,False,D,180.0,Right,,970790400,1688083200.0,1900000.0,1900000.0,EUR,,,2000-10-06,25
1092409,Victor Kristiansen,M,Premier League,False,D,181.0,Left,,1039996800,1845936000.0,13000000.0,13000000.0,EUR,,,2002-12-16,23
958916,Nathan Collins,M,Premier League,False,D,193.0,Right,,988588800,1814313600.0,21000000.0,21000000.0,EUR,,,2001-04-30,24
927356,Neco Williams,M,Championship,False,D,183.0,Right,,987120000,1782777600.0,16500000.0,16500000.0,EUR,,,2001-04-13,24
964119,Jordan Zemura,M,Championship,False,D,173.0,Left,,942537600,1688083200.0,3600000.0,3600000.0,EUR,,,1999-11-14,26
980634,Valentino Livramento,M,Premier League,False,D,181.0,Right,,1037059200,1782777600.0,24000000.0,24000000.0,EUR,,,2002-11-12,23
581302,Robin Koch,M,Premier League,False,D,190.0,Right,,837561600,1719705600.0,19400000.0,19400000.0,EUR,,,1996-07-17,29
716,Scott Carson,M,Premier League,False,G,188.0,Right,False,494553600,1719705600.0,260000.0,260000.0,EUR,,,1985-09-03,40
366592,Kieran Tierney,M,Premier League,False,D,178.0,Left,,865468800,1782777600.0,24000000.0,24000000.0,EUR,,,1997-06-05,28
150396,Emil Krafth,M,Premier League,False,D,181.0,Right,False,775785600,1719705600.0,4300000.0,4300000.0,EUR,,,1994-08-02,31
318927,Joe Gomez,M,Premier League,False,D,188.0,Right,,864345600,1814313600.0,29000000.0,29000000.0,EUR,,,1997-05-23,28
190839,Luke Shaw,M,Premier League,False,D,178.0,Left,,805507200,1814313600.0,33000000.0,33000000.0,EUR,,,1995-07-12,30
980635,Haydon Roberts,M,Premier League,False,D,175.0,Left,False,1020988800,1688083200.0,540000.0,540000.0,EUR,,,2002-05-10,23
859896,Brandon Austin,M,Premier League,False,G,188.0,Right,False,915753600,1719705600.0,320000.0,320000.0,EUR,,,1999-01-08,26
1142270,Charlie Webster,M,"Premier League 2, Division 1",False,M,175.0,Right,False,1075507200,1719705600.0,,,,,,2004-01-31,21
1064630,Finley Stevens,M,Premier League,False,D,177.0,Right,,1049932800,1814313600.0,440000.0,440000.0,EUR,,,2003-04-10,22
877997,Steven Sessegnon,M,Championship,False,D,173.0,Both,,958608000,1688083200.0,540000.0,540000.0,EUR,,,2000-05-18,25
227942,Calum Chambers,M,Premier League,False,D,183.0,Right,,790560000,1751241600.0,7700000.0,7700000.0,EUR,,,1995-01-20,30
138530,Jordan Pickford,M,Premier League,False,G,185.0,Left,,762998400,1814313600.0,27000000.0,27000000.0,EUR,,,1994-03-07,31
96531,Alphonse Aréola,M,Premier League,False,G,195.0,Right,,730771200,1814313600.0,7400000.0,7400000.0,EUR,,,1993-02-27,32
32023,Vicente Guaita,M,Premier League,False,G,190.0,Right,,537235200,1719705600.0,1600000.0,1600000.0,EUR,,,1987-01-10,38
30144,Jonny Evans,M,Premier League,False,D,188.0,Right,,568166400,1688083200.0,2900000.0,2900000.0,EUR,,,1988-01-03,37
50027,Craig Dawson,M,Premier League,False,D,188.0,Right,,641952000,1751241600.0,2700000.0,2700000.0,EUR,,,1990-05-06,35
851150,Renan Lodi,M,Championship,False,D,173.0,Left,False,891993600,1688083200.0,22000000.0,22000000.0,EUR,,,1998-04-08,27
865167,Lloyd Kelly,M,Championship,False,D,191.0,Left,,907200000,1719705600.0,15500000.0,15500000.0,EUR,,,1998-10-01,27
976025,Armel Bella-Kotchap,M,Premier League,False,D,190.0,Right,,1008028800,1782777600.0,19100000.0,19100000.0,EUR,,,2001-12-11,24
794962,Maximilian Wöber,M,Premier League,False,D,188.0,Left,,886550400,1814313600.0,11000000.0,11000000.0,EUR,,,1998-02-04,27
332995,Zack Steffen,M,Premier League,False,G,190.0,Right,,796780800,1751241600.0,3300000.0,3300000.0,EUR,,,1995-04-02,30
793228,Rob Holding,M,Premier League,False,D,189.0,Right,,811555200,1719705600.0,9200000.0,9200000.0,EUR,,,1995-09-20,30
42699,Matt Ritchie,M,Premier League,False,D,173.0,Left,,621388800,1688083200.0,1700000.0,1700000.0,EUR,,,1989-09-10,36
920393,Nathaniel Phillips,M,Premier League,False,D,190.0,Right,False,858902400,1751241600.0,5800000.0,5800000.0,EUR,,,1997-03-21,28
843200,Diogo Dalot,M,Premier League,False,D,184.0,Right,,921715200,1845936000.0,33000000.0,33000000.0,EUR,,,1999-03-18,26
920546,Robert Sánchez,M,Premier League,False,G,197.0,Right,,879811200,1751241600.0,29000000.0,29000000.0,EUR,,,1997-11-18,28
822504,Alfie Whiteman,M,Premier League,False,G,189.0,Right,,907286400,1751241600.0,470000.0,470000.0,EUR,,,1998-10-02,27
33541,Thiago Silva,M,Premier League,False,D,181.0,Right,False,464659200,1719705600.0,2300000.0,2300000.0,EUR,,,1984-09-22,41
798933,Charlie Goode,M,Premier League,False,D,196.0,Right,,807408000,1719705600.0,640000.0,640000.0,EUR,,,1995-08-03,30
103335,Bernd Leno,M,Championship,False,G,190.0,Right,,699667200,1751241600.0,9200000.0,9200000.0,EUR,,,1992-03-04,33
827679,Ezri Konsa,M,Premier League,False,D,183.0,Right,False,877564800,1782777600.0,23000000.0,23000000.0,EUR,,,1997-10-23,28
13918,Asmir Begović,M,Premier League,False,G,198.0,Right,,551145600,1688083200.0,1000000.0,1000000.0,EUR,,,1987-06-20,38
98427,Sam Johnstone,M,Premier League,False,G,193.0,Right,,733017600,1782777600.0,4300000.0,4300000.0,EUR,,,1993-03-25,32
991584,Luke Thomas,M,Premier League,False,D,178.0,Left,,992131200,1719705600.0,10700000.0,10700000.0,EUR,,,2001-06-10,24
973418,Toti Gomes,M,Premier League,False,D,187.0,Left,,916444800,1814313600.0,2600000.0,2600000.0,EUR,,,1999-01-16,26
242211,Felipe,M,Championship,False,D,191.0,Right,False,611280000,1719705600.0,3100000.0,3100000.0,EUR,,,1989-05-16,36
44566,Adam Smith,M,Championship,False,D,180.0,Right,,672883200,1719705600.0,1500000.0,1500000.0,EUR,,,1991-04-29,34
823085,Kyle Walker-Peters,M,Premier League,False,D,173.0,Right,,860889600,1751241600.0,23000000.0,23000000.0,EUR,,,1997-04-13,28
836675,Pascal Struijk,M,Premier League,False,D,190.0,Left,,934329600,1814313600.0,21000000.0,21000000.0,EUR,,,1999-08-11,26
822459,Auston Trusty,M,Premier League,False,D,188.0,Left,,902880000,,10600000.0,10600000.0,EUR,,,1998-08-12,27
210082,Javier Manquillo,M,Premier League,False,D,180.0,Right,,768096000,1719705600.0,3200000.0,3200000.0,EUR,,,1994-05-05,31
991227,Calvin Ramsay,M,Premier League,False,D,177.0,Right,,1059609600,1814313600.0,4900000.0,4900000.0,EUR,,,2003-07-31,22
863653,Aaron Wan-Bissaka,M,Premier League,False,D,183.0,Right,,880502400,1719705600.0,21000000.0,21000000.0,EUR,,,1997-11-26,28
31867,Jason Steele,M,Premier League,False,G,188.0,Right,False,650937600,1751241600.0,955000.0,955000.0,EUR,,,1990-08-18,35
126071,Kalidou Koulibaly,M,Premier League,False,D,187.0,Right,,677376000,1782777600.0,24000000.0,24000000.0,EUR,,,1991-06-20,34
581310,David Raya,M,Premier League,False,G,183.0,Right,,811123200,1719705600.0,27000000.0,27000000.0,EUR,,,1995-09-15,30
358694,Marek Rodák,M,Championship,False,G,188.0,Right,,850435200,1719705600.0,3700000.0,3700000.0,EUR,,,1996-12-13,29
255189,Kortney Hause,M,Premier League,False,D,189.0,Left,,805852800,1751241600.0,2100000.0,2100000.0,EUR,,,1995-07-16,30
10343,Andy Lonergan,M,Premier League,False,G,192.0,Left,,435369600,1688083200.0,220000.0,220000.0,EUR,,,1983-10-19,42
1134718,Joe Whitworth,M,Premier League,False,G,179.0,Right,False,1078012800,1814313600.0,260000.0,260000.0,EUR,,,2004-02-29,21
808680,Harry Souttar,M,Premier League,False,D,198.0,Right,False,909014400,1845936000.0,15500000.0,15500000.0,EUR,,,1998-10-22,27
235648,Jonny Otto,M,Premier League,False,D,175.0,Both,,762652800,1751241600.0,16399999.0,16399999.0,EUR,,,1994-03-03,31
758168,Moussa Niakhaté,M,Championship,False,D,190.0,Left,,826243200,1751241600.0,17500000.0,17500000.0,EUR,,,1996-03-08,29
106920,Ryan Fredericks,M,Championship,False,D,173.0,Right,,718675200,1719705600.0,2200000.0,2200000.0,EUR,,,1992-10-10,33
797893,Lyanco,M,Premier League,False,D,187.0,Right,,854755200,1751241600.0,4200000.0,4200000.0,EUR,,,1997-02-01,28
102624,Luke Ayling,M,Premier League,False,D,183.0,Both,,683078400,1719705600.0,2100000.0,2100000.0,EUR,,,1991-08-25,34
839410,Aaron Ramsdale,M,Premier League,False,G,191.0,Right,False,895104000,1751241600.0,40000000.0,40000000.0,EUR,,,1998-05-14,27
1084284,Harrison Ashby,M,Premier League,False,D,179.0,Right,,1005696000,,1100000.0,1100000.0,EUR,,,2001-11-14,24
902091,Rhys Williams,M,Premier League,False,D,197.0,Right,,981158400,1782777600.0,2900000.0,2900000.0,EUR,,,2001-02-03,24
825839,Tyrell Malacia,M,Premier League,False,D,169.0,Left,,934848000,1782777600.0,23000000.0,23000000.0,EUR,,,1999-08-17,26
1007073,Tom McGill,M,Premier League,False,G,185.0,Right,,953942400,1688083200.0,205000.0,205000.0,EUR,,,2000-03-25,25
794939,Marc Cucurella,M,Premier League,False,D,175.0,Left,False,901065600,1845936000.0,41000000.0,41000000.0,EUR,,,1998-07-22,27
227212,Thomas Strakosha,M,Premier League,False,G,191.0,Right,False,795571200,1782777600.0,3600000.0,3600000.0,EUR,,,1995-03-19,30
158263,Emiliano Martínez,M,Premier League,False,G,192.0,Right,,715392000,1814313600.0,27000000.0,27000000.0,EUR,,,1992-09-02,33
581610,Remi Matthews,M,Premier League,False,G,184.0,Right,,760838400,1688083200.0,380000.0,380000.0,EUR,,,1994-02-10,31
20756,Ryan Bertrand,M,Premier League,False,D,179.0,Left,False,618278400,1688083200.0,1100000.0,1100000.0,EUR,,,1989-08-05,36
1013928,Hugo Bueno,M,Premier League,False,D,180.0,Left,False,1032307200,1782777600.0,220000.0,220000.0,EUR,,,2002-09-18,23
892483,Omar Richards,M,Championship,False,D,174.0,Left,,887500800,1782777600.0,7200000.0,7200000.0,EUR,,,1998-02-15,27
583450,Jack Stacey,M,Championship,False,D,180.0,Right,,828748800,1688083200.0,2900000.0,2900000.0,EUR,,,1996-04-06,29
827519,Romain Perraud,M,Premier League,False,D,173.0,Left,,874886400,1751241600.0,11600000.0,11600000.0,EUR,,,1997-09-22,28
39327,Liam Cooper,M,Premier League,False,D,186.0,Left,,681177600,1719705600.0,4600000.0,4600000.0,EUR,,,1991-08-03,34
833943,Matt Turner,M,Premier League,False,G,190.0,Right,,772416000,1751241600.0,5200000.0,5200000.0,EUR,,,1994-06-24,31
45680,Ciaran Clark,M,Premier League,False,D,188.0,Left,,622771200,1688083200.0,745000.0,745000.0,EUR,,,1989-09-26,36
243609,Alisson,M,Premier League,False,G,191.0,Right,False,717984000,1814313600.0,49000000.0,49000000.0,EUR,,,1992-10-02,33
143334,Victor Lindelöf,M,Premier League,False,D,187.0,Right,,774403200,1719705600.0,14500000.0,14500000.0,EUR,,,1994-07-17,31
21555,César Azpilicueta,M,Premier League,False,D,178.0,Right,,620265600,1719705600.0,7300000.0,7300000.0,EUR,,,1989-08-28,36
1065525,Matthew Cox,M,Premier League,False,G,183.0,,,1051833600,1845936000.0,475000.0,475000.0,EUR,,,2003-05-02,22
26025,Robin Olsen,M,Premier League,False,G,198.0,Right,,631756800,,2100000.0,2100000.0,EUR,,,1990-01-08,35
197428,Danny Ward,M,Premier League,False,G,191.0,Right,,740707200,1751241600.0,7700000.0,7700000.0,EUR,,,1993-06-22,32
252669,José Sá,M,Premier League,False,G,192.0,Right,,727228800,1782777600.0,17200000.0,17200000.0,EUR,,,1993-01-17,32
139310,Willy Boly,M,Championship,False,D,195.0,Right,,665539200,1719705600.0,3900000.0,3900000.0,EUR,,,1991-02-03,34
1156586,James Hill,M,Championship,False,D,184.0,Right,,1010620800,1782777600.0,1100000.0,1100000.0,EUR,,,2002-01-10,23
1134532,Juan Larios,M,Premier League,False,D,170.0,Left,,1073865600,1814313600.0,6800000.0,6800000.0,EUR,,,2004-01-12,21
1020744,Charlie Cresswell,M,Premier League,False,D,190.0,Right,,1029456000,1751241600.0,4800000.0,4800000.0,EUR,,,2002-08-16,23
185995,Paul Dummett,M,Premier League,False,D,183.0,Left,,685843200,1688083200.0,1200000.0,1200000.0,EUR,,,1991-09-26,34
827362,Caoimhin Kelleher,M,Premier League,False,G,188.0,Right,,911779200,1782777600.0,7200000.0,7200000.0,EUR,,,1998-11-23,27
927368,Brandon Williams,M,Premier League,False,D,180.0,Right,,967939200,1719705600.0,10300000.0,10300000.0,EUR,,,2000-09-03,25
923894,Wesley Fofana,M,Premier League,False,D,186.0,Right,False,977011200,1877472000.0,67000000.0,67000000.0,EUR,,,2000-12-17,25
995654,Viljami Sinisalo,M,Premier League,False,G,190.0,Right,,1002758400,1751241600.0,385000.0,385000.0,EUR,,,2001-10-11,24
796986,Daniel Iversen,M,Premier League,False,G,190.0,Right,,869270400,1751241600.0,1900000.0,1900000.0,EUR,,,1997-07-19,28
862812,Matija Šarkić,M,Premier League,False,G,192.0,Right,False,869616000,1751241600.0,2100000.0,2100000.0,EUR,,,1997-07-23,28
838399,Joe Worrall,M,Championship,False,D,193.0,Right,,852854400,1719705600.0,7800000.0,7800000.0,EUR,,,1997-01-10,28
84844,Neto,M,Championship,False,G,190.0,Right,,616809600,1782777600.0,2400000.0,2400000.0,EUR,,,1989-07-19,36
134361,Jack Stephens,M,Premier League,False,D,185.0,Right,,759628800,1719705600.0,4500000.0,4500000.0,EUR,,,1994-01-27,31
1097848,Leo Fuhr Hjelde,M,"Premier League 2, Division 1",False,D,188.0,Left,False,1061856000,1751241600.0,1500000.0,1500000.0,EUR,,,2003-08-26,22
941670,Kelland Watts,M,Premier League,False,D,196.0,Left,,941587200,1719705600.0,210000.0,210000.0,EUR,,,1999-11-03,26
50539,Adrián,M,Premier League,False,G,190.0,Right,,536630400,1688083200.0,1000000.0,1000000.0,EUR,,,1987-01-03,38
93868,Phil Jones,M,Premier League,False,D,185.0,Right,,698630400,1688083200.0,1800000.0,1800000.0,EUR,,,1992-02-21,33
904827,Benoît Badiashile,M,Premier League,False,D,194.0,Left,False,985564800,1909008000.0,39000000.0,39000000.0,EUR,,,2001-03-26,24
101999,Jed Steer,M,Premier League,False,G,182.0,Right,,717206400,1688083200.0,555000.0,555000.0,EUR,,,1992-09-23,33
30401,Alex Smithies,M,Premier League,False,G,186.0,Right,,636595200,1719705600.0,580000.0,580000.0,EUR,,,1990-03-05,35
101367,Daniel Bentley,M,Premier League,False,G,188.0,Right,,742521600,1751241600.0,1600000.0,1600000.0,EUR,,,1993-07-13,32
867438,Jonathan Panzo,M,Championship,False,D,186.0,Left,False,971568000,1751241600.0,3200000.0,3200000.0,EUR,,,2000-10-15,25
856720,Mark Travers,M,Championship,False,G,191.0,Right,,926985600,1814313600.0,1900000.0,1900000.0,EUR,,,1999-05-18,26
936719,Gavin Bazunu,M,Premier League,False,G,189.0,Right,,1014163200,1814313600.0,16300000.0,16300000.0,EUR,,,2002-02-20,23
906076,Illan Meslier,M,Premier League,False,G,196.0,Left,False,951955200,1782777600.0,21000000.0,21000000.0,EUR,,,2000-03-02,25
162653,Nick Pope,M,Premier League,False,G,198.0,Right,False,703641600,1782777600.0,17200000.0,17200000.0,EUR,,,1992-04-19,33
817979,Axel Tuanzebe,M,Premier League,False,D,185.0,Right,,879465600,1688083200.0,4099999.0,4099999.0,EUR,,,1997-11-14,28
826134,Trevoh Chalobah,M,Premier League,False,D,190.0,Right,False,931132800,1845936000.0,24000000.0,24000000.0,EUR,,,1999-07-05,26
980633,Louie Moulden,M,Premier League,False,G,188.0,Right,False,1010275200,1719705600.0,215000.0,215000.0,EUR,,,2002-01-06,23
358108,Scott McKenna,M,Championship,False,D,188.0,Left,,847756800,1719705600.0,9300000.0,9300000.0,EUR,,,1996-11-12,29
13060,Darren Randolph,M,Championship,False,G,188.0,Right,,547776000,1719705600.0,475000.0,475000.0,EUR,,,1987-05-12,38
52741,Willy Caballero,M,Premier League,False,G,186.0,Right,,370483200,1688083200.0,210000.0,210000.0,EUR,,,1981-09-28,44
93796,Joel Robles,M,Premier League,False,G,195.0,Right,,645580800,1688083200.0,1300000.0,1300000.0,EUR,,,1990-06-17,35
174135,Loris Karius,M,Premier League,False,G,190.0,Right,,740707200,1688083200.0,1500000.0,1500000.0,EUR,,,1993-06-22,32
979233,Teden Mengi,M,Premier League,False,D,183.0,Right,,1020124800,1719705600.0,1900000.0,1900000.0,EUR,,,2002-04-30,23
996911,Levi Colwill,M,Premier League,False,D,187.0,Left,False,1046217600,1751241600.0,17500000.0,17500000.0,EUR,,,2003-02-26,22
42707,Steve Cook,M,Championship,False,D,185.0,Right,,672019200,1719705600.0,3200000.0,3200000.0,EUR,,,1991-04-19,34
991001,Will Dennis,M,Championship,False,G,188.0,Left,,963187200,1719705600.0,205000.0,205000.0,EUR,,,2000-07-10,25
45502,Alex McCarthy,M,Premier League,False,G,193.0,Right,False,628646400,1751241600.0,1900000.0,1900000.0,EUR,,,1989-12-03,36
858254,Kristoffer Klaesson,M,Premier League,False,G,189.0,Left,,975283200,1751241600.0,2100000.0,2100000.0,EUR,,,2000-11-27,25
42209,Martin Dúbravka,M,Premier League,False,G,190.0,Right,False,600825600,1751241600.0,2400000.0,2400000.0,EUR,,,1989-01-15,36
69378,David De Gea,M,Premier League,False,G,189.0,Right,,657936000,1688083200.0,14300000.0,14300000.0,EUR,,,1990-11-07,35
239632,Abdul Baba Rahman,M,Premier League,False,D,179.0,Left,,773107200,1719705600.0,2000000.0,2000000.0,EUR,,,1994-07-02,31
965331,Giulian Biancone,M,Championship,False,D,187.0,Right,,954460800,1751241600.0,6500000.0,6500000.0,EUR,,,2000-03-31,25
123689,Karl Darlow,M,Premier League,False,G,185.0,Right,,655344000,1751241600.0,1300000.0,1300000.0,EUR,,,1990-10-08,35
788134,Dean Henderson,M,Premier League,False,G,188.0,Right,,858124800,1751241600.0,23000000.0,23000000.0,EUR,,,1997-03-12,28
845074,Edouard Mendy,M,Premier League,False,G,195.0,Right,,699408000,1751241600.0,17500000.0,17500000.0,EUR,,,1992-03-01,33
358218,Harry Toffolo,M,Championship,False,D,183.0,Left,,808790400,1782777600.0,3600000.0,3600000.0,EUR,,,1995-08-19,30
108508,Mark Gillespie,M,Premier League,False,G,190.0,Right,False,701654400,1688083200.0,310000.0,310000.0,EUR,,,1992-03-27,33
18122,Tom Heaton,M,Premier League,False,G,188.0,Right,,513907200,1688083200.0,565000.0,565000.0,EUR,,,1986-04-15,39
232422,Kepa Arrizabalaga,M,Premier League,False,G,186.0,Right,False,781142400,1751241600.0,16000000.0,16000000.0,EUR,,,1994-10-03,31
56113,Keylor Navas,M,Championship,False,G,185.0,Right,,534988800,1688083200.0,5400000.0,5400000.0,EUR,,,1986-12-15,39
98448,Jack Butland,M,Premier League,False,G,196.0,Right,,731721600,1688083200.0,1500000.0,1500000.0,EUR,,,1993-03-10,32
978787,Gabriel Słonina,M,Premier League,False,G,193.0,Right,,1084579200,1845936000.0,8800000.0,8800000.0,EUR,,,2004-05-15,21
16620,Wayne Hennessey,M,Championship,False,G,198.0,Both,,538444800,1719705600.0,480000.0,480000.0,EUR,,,1987-01-24,38
257993,Marcus Bettinelli,M,Premier League,False,G,194.0,Right,,706665600,1782777600.0,2100000.0,2100000.0,EUR,,,1992-05-24,33
1007037,Adnan Kanurić,M,Championship,False,G,194.0,Right,,965692800,,145000.0,145000.0,EUR,,,2000-08-08,25
846251,Jordan Smith,M,Championship,False,G,185.0,Left,False,786844800,1688083200.0,245000.0,245000.0,EUR,,,1994-12-08,31
